{
 "name": "research-queue", 
 "version": "1.5.1", 
 "factorio_version": "0.15",
 "title": "Research queue", 
 "author": "Mr Doomah updated by Doomquill", 
 "contact": "http://www.factorioforums.com/forum/memberlist.php?mode=viewprofile&u=7604", 
 "homepage": "https://forums.factorio.com/viewtopic.php?f=92&t=17219", 
 "description": "Allows players to queue research, view research by required science packs, and automatically queue prerequisites for desired tech.", 
 "dependencies": ["base >= 0.15", "? bobmodules >= 0.15", "? bobenemies >= 0.15"]
}